grandfather_name,son_name,pur_acct,childdate1,childdate2,childname1,childname2,daughter_name,father_name,father_in_law,mother_name,spouse_name,duaghter_in_law,grand_moth_name
Bikash Poudel,Kiran Poudel,UC4922180,2009-10-06,2010-06-05,Gita Poudel,Radha Poudel,Gita Poudel,Hari Poudel,Ram Poudel,Sabita Poudel,Deepak Poudel,Maya Poudel,Laxmi Poudel
Kiran Bhattarai,Ramesh Bhattarai,FW1165169,2020-08-02,2008-07-13,Gita Bhattarai,Shyam Bhattarai,Gita Bhattarai,Manoj Bhattarai,Ramesh Bhattarai,Sunita Bhattarai,Deepak Bhattarai,Radha Bhattarai,Sita Bhattarai
Bikash Regmi,Ramesh Regmi,QH6856278,2019-06-25,2013-07-02,Sabita Regmi,Kamala Regmi,Sita Regmi,Anil Regmi,Deepak Regmi,Rita Regmi,Hari Regmi,Gita Regmi,Sunita Regmi
Kiran KC,Gopal KC,VY5329513,2012-04-03,2022-03-08,Manoj KC,Ram KC,Sunita KC,Shyam KC,Ram KC,Laxmi KC,Rita KC,Radha KC,Rita KC
Anil Tamang,Gopal Tamang,TJ5768611,2020-01-07,2014-12-30,Sita Tamang,Hari Tamang,Sunita Tamang,Anil Tamang,Bikash Tamang,Kamala Tamang,Sita Tamang,Kamala Tamang,Rita Tamang
Shyam Chhetri,Hari Chhetri,GM7343297,2014-05-04,2010-08-22,Shyam Chhetri,Bikash Chhetri,Laxmi Chhetri,Kiran Chhetri,Shyam Chhetri,Radha Chhetri,Kiran Chhetri,Sita Chhetri,Laxmi Chhetri
Gopal Karki,Bikash Karki,WM1193577,2009-01-29,2013-06-07,Bikash Karki,Laxmi Karki,Sunita Karki,Ramesh Karki,Deepak Karki,Sabita Karki,Sunita Karki,Asha Karki,Laxmi Karki
Kiran Basnet,Bikash Basnet,GT4976053,2008-02-17,2022-12-01,Laxmi Basnet,Gita Basnet,Maya Basnet,Shyam Basnet,Shyam Basnet,Radha Basnet,Deepak Basnet,Laxmi Basnet,Radha Basnet
Bikash KC,Bikash KC,BU3669438,2019-07-14,2014-12-02,Ram KC,Radha KC,Radha KC,Gopal KC,Anil KC,Gita KC,Sita KC,Asha KC,Sita KC
Ramesh Magar,Ram Magar,DS9739701,2017-07-08,2019-03-02,Sunita Magar,Manoj Magar,Sunita Magar,Gopal Magar,Anil Magar,Kamala Magar,Ramesh Magar,Sunita Magar,Sabita Magar
Shyam Ghimire,Bikash Ghimire,KH3055799,2016-10-08,2011-10-10,Gopal Ghimire,Asha Ghimire,Sabita Ghimire,Ramesh Ghimire,Ramesh Ghimire,Kamala Ghimire,Manoj Ghimire,Asha Ghimire,Sunita Ghimire
Ramesh Magar,Shyam Magar,CX8781175,2009-05-29,2012-12-02,Gita Magar,Anil Magar,Sabita Magar,Manoj Magar,Bikash Magar,Laxmi Magar,Gopal Magar,Asha Magar,Sabita Magar
Manoj Lama,Shyam Lama,GG6941773,2007-08-22,2015-05-10,Anil Lama,Gita Lama,Laxmi Lama,Ramesh Lama,Ramesh Lama,Rita Lama,Maya Lama,Asha Lama,Laxmi Lama
Shyam Tamang,Deepak Tamang,KQ2561966,2009-12-02,2014-01-26,Kamala Tamang,Sita Tamang,Asha Tamang,Shyam Tamang,Bikash Tamang,Laxmi Tamang,Laxmi Tamang,Sunita Tamang,Radha Tamang
Gopal Poudel,Bikash Poudel,AQ8352465,2007-04-25,2012-11-14,Kiran Poudel,Deepak Poudel,Sabita Poudel,Gopal Poudel,Anil Poudel,Maya Poudel,Gita Poudel,Rita Poudel,Laxmi Poudel
Bikash Adhikari,Bikash Adhikari,ZL3730824,2021-09-02,2021-05-17,Sunita Adhikari,Anil Adhikari,Sita Adhikari,Ramesh Adhikari,Bikash Adhikari,Kamala Adhikari,Kiran Adhikari,Sunita Adhikari,Rita Adhikari
Manoj Tamang,Ram Tamang,WN8176645,2013-06-30,2015-05-19,Gita Tamang,Sabita Tamang,Radha Tamang,Bikash Tamang,Shyam Tamang,Maya Tamang,Anil Tamang,Gita Tamang,Radha Tamang
Kiran KC,Manoj KC,WC4588780,2022-10-30,2006-10-01,Deepak KC,Anil KC,Kamala KC,Ram KC,Manoj KC,Laxmi KC,Gopal KC,Sunita KC,Sabita KC
Hari Poudel,Shyam Poudel,UF0521812,2016-03-29,2018-08-13,Hari Poudel,Shyam Poudel,Kamala Poudel,Manoj Poudel,Bikash Poudel,Radha Poudel,Shyam Poudel,Radha Poudel,Kamala Poudel
Deepak Ghimire,Anil Ghimire,BZ7744508,2010-10-04,2018-04-13,Manoj Ghimire,Radha Ghimire,Rita Ghimire,Anil Ghimire,Gopal Ghimire,Sabita Ghimire,Sabita Ghimire,Sita Ghimire,Asha Ghimire
Hari Shrestha,Bikash Shrestha,IT3057863,2007-07-22,2017-08-03,Sabita Shrestha,Manoj Shrestha,Sita Shrestha,Shyam Shrestha,Bikash Shrestha,Kamala Shrestha,Maya Shrestha,Sunita Shrestha,Sabita Shrestha
Kiran Thapa,Shyam Thapa,HZ6126625,2018-07-11,2017-11-01,Deepak Thapa,Ramesh Thapa,Radha Thapa,Ramesh Thapa,Hari Thapa,Sita Thapa,Kiran Thapa,Sunita Thapa,Asha Thapa
Ram Thapa,Ramesh Thapa,KZ0666441,2018-10-18,2013-04-18,Hari Thapa,Manoj Thapa,Kamala Thapa,Kiran Thapa,Manoj Thapa,Laxmi Thapa,Sunita Thapa,Maya Thapa,Sunita Thapa
Kiran Subedi,Anil Subedi,UF3550854,2016-09-23,2009-07-08,Gita Subedi,Laxmi Subedi,Rita Subedi,Ram Subedi,Gopal Subedi,Gita Subedi,Ramesh Subedi,Rita Subedi,Sita Subedi
Gopal Adhikari,Bikash Adhikari,CA4032031,2022-01-29,2013-02-12,Anil Adhikari,Kamala Adhikari,Gita Adhikari,Deepak Adhikari,Anil Adhikari,Sabita Adhikari,Shyam Adhikari,Asha Adhikari,Sabita Adhikari
Kiran Gurung,Bikash Gurung,DP4449627,2017-12-23,2017-12-10,Gopal Gurung,Sunita Gurung,Radha Gurung,Shyam Gurung,Bikash Gurung,Gita Gurung,Sunita Gurung,Sabita Gurung,Sita Gurung
Bikash Ghimire,Anil Ghimire,WM6268672,2010-11-04,2022-11-21,Deepak Ghimire,Manoj Ghimire,Sita Ghimire,Deepak Ghimire,Shyam Ghimire,Laxmi Ghimire,Deepak Ghimire,Gita Ghimire,Radha Ghimire
Bikash Subedi,Shyam Subedi,WM5085909,2007-09-20,2018-02-08,Kiran Subedi,Ramesh Subedi,Maya Subedi,Shyam Subedi,Shyam Subedi,Sunita Subedi,Laxmi Subedi,Radha Subedi,Maya Subedi
Anil Gurung,Deepak Gurung,OX4830297,2021-11-29,2007-02-02,Manoj Gurung,Gita Gurung,Rita Gurung,Kiran Gurung,Kiran Gurung,Sunita Gurung,Sabita Gurung,Sunita Gurung,Laxmi Gurung
Kiran Regmi,Hari Regmi,XX4724425,2012-01-08,2023-06-14,Kamala Regmi,Shyam Regmi,Sabita Regmi,Bikash Regmi,Deepak Regmi,Sabita Regmi,Sabita Regmi,Laxmi Regmi,Sunita Regmi
Anil Thapa,Kiran Thapa,SN8823142,2016-04-17,2009-01-04,Maya Thapa,Sunita Thapa,Radha Thapa,Shyam Thapa,Ram Thapa,Sunita Thapa,Manoj Thapa,Sunita Thapa,Kamala Thapa
Bikash Magar,Ramesh Magar,EU9385467,2016-05-05,2008-06-25,Bikash Magar,Maya Magar,Radha Magar,Anil Magar,Anil Magar,Maya Magar,Gopal Magar,Gita Magar,Rita Magar
Manoj Magar,Bikash Magar,EZ3469667,2021-12-21,2021-09-29,Ram Magar,Maya Magar,Rita Magar,Kiran Magar,Gopal Magar,Rita Magar,Sunita Magar,Gita Magar,Radha Magar
Anil Dhakal,Shyam Dhakal,MB8832360,2015-08-03,2019-03-10,Maya Dhakal,Asha Dhakal,Sunita Dhakal,Shyam Dhakal,Shyam Dhakal,Laxmi Dhakal,Kiran Dhakal,Maya Dhakal,Gita Dhakal
Gopal Adhikari,Ram Adhikari,NW7049161,2010-06-02,2009-03-23,Gita Adhikari,Ramesh Adhikari,Gita Adhikari,Shyam Adhikari,Anil Adhikari,Sita Adhikari,Kamala Adhikari,Maya Adhikari,Rita Adhikari
Anil Poudel,Ram Poudel,ER7005764,2011-05-05,2019-12-19,Anil Poudel,Sabita Poudel,Radha Poudel,Bikash Poudel,Anil Poudel,Sabita Poudel,Hari Poudel,Sunita Poudel,Sita Poudel
Kiran Bhattarai,Ramesh Bhattarai,GP1098149,2022-07-07,2021-08-26,Ram Bhattarai,Hari Bhattarai,Kamala Bhattarai,Gopal Bhattarai,Hari Bhattarai,Maya Bhattarai,Maya Bhattarai,Gita Bhattarai,Rita Bhattarai
Ramesh Subedi,Gopal Subedi,VB7105600,2016-10-14,2020-11-25,Radha Subedi,Sabita Subedi,Sunita Subedi,Manoj Subedi,Shyam Subedi,Rita Subedi,Ramesh Subedi,Radha Subedi,Maya Subedi
Gopal Ghimire,Kiran Ghimire,KI9013579,2020-03-20,2018-06-15,Sunita Ghimire,Sita Ghimire,Laxmi Ghimire,Deepak Ghimire,Shyam Ghimire,Laxmi Ghimire,Maya Ghimire,Laxmi Ghimire,Laxmi Ghimire
Gopal Dhakal,Deepak Dhakal,QB3540600,2018-06-22,2013-09-15,Laxmi Dhakal,Sabita Dhakal,Sabita Dhakal,Deepak Dhakal,Manoj Dhakal,Radha Dhakal,Hari Dhakal,Asha Dhakal,Asha Dhakal
Deepak Acharya,Gopal Acharya,ED6917508,2009-01-26,2020-12-04,Kiran Acharya,Ramesh Acharya,Radha Acharya,Hari Acharya,Manoj Acharya,Rita Acharya,Radha Acharya,Laxmi Acharya,Laxmi Acharya
Anil Basnet,Gopal Basnet,HS5616385,2019-08-23,2024-04-18,Gopal Basnet,Sabita Basnet,Gita Basnet,Deepak Basnet,Ramesh Basnet,Gita Basnet,Kamala Basnet,Laxmi Basnet,Sabita Basnet
Manoj Acharya,Hari Acharya,ON7506325,2010-10-14,2014-01-23,Gita Acharya,Gopal Acharya,Laxmi Acharya,Kiran Acharya,Hari Acharya,Gita Acharya,Kiran Acharya,Sabita Acharya,Sabita Acharya
Gopal Thapa,Deepak Thapa,SJ4330937,2019-05-21,2022-07-20,Deepak Thapa,Sunita Thapa,Sita Thapa,Gopal Thapa,Hari Thapa,Gita Thapa,Radha Thapa,Sunita Thapa,Radha Thapa
Manoj Tamang,Kiran Tamang,DJ3503027,2021-04-26,2006-09-14,Sabita Tamang,Gita Tamang,Laxmi Tamang,Ram Tamang,Hari Tamang,Radha Tamang,Sita Tamang,Maya Tamang,Sabita Tamang
Gopal Regmi,Anil Regmi,EP6585207,2011-10-16,2023-08-29,Sabita Regmi,Gita Regmi,Asha Regmi,Bikash Regmi,Kiran Regmi,Laxmi Regmi,Asha Regmi,Radha Regmi,Rita Regmi
Gopal Basnet,Deepak Basnet,TJ9222206,2019-09-30,2019-06-05,Ram Basnet,Sunita Basnet,Maya Basnet,Deepak Basnet,Manoj Basnet,Rita Basnet,Hari Basnet,Sita Basnet,Radha Basnet
Anil Regmi,Bikash Regmi,VH0596613,2009-04-28,2010-01-16,Hari Regmi,Sabita Regmi,Rita Regmi,Manoj Regmi,Gopal Regmi,Radha Regmi,Gita Regmi,Gita Regmi,Radha Regmi
Ramesh Tamang,Shyam Tamang,QD4955908,2013-05-10,2009-01-27,Sita Tamang,Ramesh Tamang,Asha Tamang,Ram Tamang,Anil Tamang,Maya Tamang,Sabita Tamang,Maya Tamang,Radha Tamang
Gopal Shrestha,Deepak Shrestha,SF0511519,2020-01-28,2020-01-25,Kiran Shrestha,Bikash Shrestha,Rita Shrestha,Ramesh Shrestha,Gopal Shrestha,Sunita Shrestha,Hari Shrestha,Sunita Shrestha,Sunita Shrestha
Ramesh Chhetri,Anil Chhetri,YQ2665712,2023-06-29,2017-10-22,Asha Chhetri,Laxmi Chhetri,Asha Chhetri,Shyam Chhetri,Ramesh Chhetri,Sunita Chhetri,Sunita Chhetri,Sabita Chhetri,Radha Chhetri
Deepak Magar,Deepak Magar,XP1454015,2016-10-06,2024-06-18,Kiran Magar,Gita Magar,Sabita Magar,Hari Magar,Anil Magar,Laxmi Magar,Sita Magar,Asha Magar,Gita Magar
Gopal Chhetri,Shyam Chhetri,PR0264531,2024-03-20,2009-12-07,Bikash Chhetri,Maya Chhetri,Maya Chhetri,Shyam Chhetri,Ram Chhetri,Rita Chhetri,Gita Chhetri,Rita Chhetri,Laxmi Chhetri
Manoj KC,Anil KC,RS0730335,2014-01-03,2007-08-19,Anil KC,Deepak KC,Asha KC,Bikash KC,Deepak KC,Radha KC,Sabita KC,Asha KC,Radha KC
Hari Acharya,Manoj Acharya,QQ6225913,2006-11-16,2018-12-24,Asha Acharya,Gopal Acharya,Kamala Acharya,Kiran Acharya,Ramesh Acharya,Gita Acharya,Sabita Acharya,Maya Acharya,Laxmi Acharya
Shyam Dhakal,Gopal Dhakal,MI1884655,2019-10-15,2022-07-21,Anil Dhakal,Ramesh Dhakal,Asha Dhakal,Manoj Dhakal,Manoj Dhakal,Asha Dhakal,Rita Dhakal,Asha Dhakal,Kamala Dhakal
Shyam KC,Ramesh KC,GE9977683,2007-07-25,2016-05-09,Sunita KC,Asha KC,Maya KC,Hari KC,Deepak KC,Sunita KC,Ram KC,Rita KC,Gita KC
Hari Basnet,Shyam Basnet,AY9389132,2017-12-04,2017-03-06,Ram Basnet,Hari Basnet,Sunita Basnet,Anil Basnet,Gopal Basnet,Radha Basnet,Sabita Basnet,Laxmi Basnet,Rita Basnet
Deepak Karki,Kiran Karki,XO7121136,2016-10-19,2022-09-20,Bikash Karki,Kiran Karki,Rita Karki,Shyam Karki,Bikash Karki,Sita Karki,Deepak Karki,Laxmi Karki,Rita Karki
Shyam Lama,Anil Lama,WG4641804,2007-07-19,2007-01-25,Sabita Lama,Sita Lama,Sita Lama,Shyam Lama,Ramesh Lama,Kamala Lama,Radha Lama,Rita Lama,Sita Lama
Shyam Acharya,Hari Acharya,WP3243075,2007-01-08,2024-05-10,Ram Acharya,Asha Acharya,Sabita Acharya,Bikash Acharya,Anil Acharya,Kamala Acharya,Bikash Acharya,Kamala Acharya,Laxmi Acharya
Manoj Magar,Ram Magar,EB2494712,2020-07-06,2014-06-10,Sunita Magar,Ram Magar,Asha Magar,Anil Magar,Anil Magar,Sunita Magar,Manoj Magar,Sunita Magar,Asha Magar
Anil Poudel,Kiran Poudel,AJ7662280,2010-06-08,2011-06-13,Maya Poudel,Hari Poudel,Sita Poudel,Hari Poudel,Gopal Poudel,Radha Poudel,Deepak Poudel,Maya Poudel,Rita Poudel
Ramesh Lama,Anil Lama,DN1960493,2015-12-27,2011-12-21,Deepak Lama,Kiran Lama,Sabita Lama,Kiran Lama,Deepak Lama,Gita Lama,Radha Lama,Sita Lama,Sabita Lama
Bikash Dhakal,Bikash Dhakal,OM4243368,2008-11-30,2019-05-03,Laxmi Dhakal,Asha Dhakal,Sabita Dhakal,Kiran Dhakal,Ram Dhakal,Sabita Dhakal,Radha Dhakal,Kamala Dhakal,Sabita Dhakal
Bikash Regmi,Bikash Regmi,NQ2964837,2022-10-21,2016-04-12,Ramesh Regmi,Sabita Regmi,Asha Regmi,Deepak Regmi,Manoj Regmi,Laxmi Regmi,Shyam Regmi,Sita Regmi,Asha Regmi
Ramesh Basnet,Shyam Basnet,AJ3938336,2011-07-19,2015-09-27,Radha Basnet,Maya Basnet,Sunita Basnet,Bikash Basnet,Anil Basnet,Asha Basnet,Rita Basnet,Sita Basnet,Rita Basnet
Ramesh Adhikari,Deepak Adhikari,ZE1027885,2014-03-22,2008-01-20,Sita Adhikari,Ramesh Adhikari,Sunita Adhikari,Anil Adhikari,Shyam Adhikari,Radha Adhikari,Ram Adhikari,Maya Adhikari,Rita Adhikari
Bikash Basnet,Hari Basnet,MB0910237,2008-10-03,2019-08-09,Gopal Basnet,Kamala Basnet,Rita Basnet,Shyam Basnet,Manoj Basnet,Laxmi Basnet,Bikash Basnet,Kamala Basnet,Sita Basnet
Gopal Karki,Anil Karki,QY2689294,2022-04-22,2011-11-27,Shyam Karki,Kiran Karki,Gita Karki,Manoj Karki,Kiran Karki,Gita Karki,Sita Karki,Gita Karki,Sunita Karki
Ram Magar,Hari Magar,JQ0697799,2023-02-09,2024-01-24,Laxmi Magar,Hari Magar,Rita Magar,Ramesh Magar,Kiran Magar,Radha Magar,Maya Magar,Gita Magar,Sita Magar
Deepak Bhattarai,Bikash Bhattarai,ZH9580966,2019-02-27,2021-09-05,Ramesh Bhattarai,Gopal Bhattarai,Asha Bhattarai,Bikash Bhattarai,Kiran Bhattarai,Maya Bhattarai,Maya Bhattarai,Asha Bhattarai,Sabita Bhattarai
Ramesh KC,Deepak KC,EG2086752,2021-09-25,2014-01-28,Laxmi KC,Sita KC,Maya KC,Ramesh KC,Anil KC,Asha KC,Rita KC,Laxmi KC,Maya KC
Gopal Lama,Kiran Lama,KX0125639,2017-02-11,2011-10-09,Rita Lama,Manoj Lama,Sabita Lama,Deepak Lama,Manoj Lama,Asha Lama,Ram Lama,Rita Lama,Maya Lama
Anil Acharya,Gopal Acharya,GZ7368264,2021-04-26,2017-06-09,Hari Acharya,Deepak Acharya,Laxmi Acharya,Deepak Acharya,Gopal Acharya,Maya Acharya,Gopal Acharya,Sita Acharya,Sabita Acharya
Anil Subedi,Manoj Subedi,CI4481402,2015-10-21,2015-12-15,Maya Subedi,Kiran Subedi,Gita Subedi,Bikash Subedi,Manoj Subedi,Rita Subedi,Sabita Subedi,Sita Subedi,Laxmi Subedi
Ramesh Chhetri,Shyam Chhetri,YG8247735,2018-03-29,2015-06-03,Radha Chhetri,Maya Chhetri,Sunita Chhetri,Manoj Chhetri,Manoj Chhetri,Sita Chhetri,Laxmi Chhetri,Kamala Chhetri,Gita Chhetri
Kiran Acharya,Hari Acharya,YO5513954,2019-01-09,2022-05-02,Gita Acharya,Sita Acharya,Sita Acharya,Shyam Acharya,Shyam Acharya,Asha Acharya,Ramesh Acharya,Sunita Acharya,Sita Acharya
Shyam KC,Kiran KC,OJ2500154,2007-05-04,2007-06-23,Anil KC,Sunita KC,Sunita KC,Manoj KC,Shyam KC,Sita KC,Sunita KC,Rita KC,Rita KC
Manoj Thapa,Bikash Thapa,VX7015392,2021-01-24,2022-07-03,Radha Thapa,Kamala Thapa,Asha Thapa,Kiran Thapa,Kiran Thapa,Rita Thapa,Manoj Thapa,Sunita Thapa,Sabita Thapa
Hari Magar,Manoj Magar,XH0551751,2020-01-03,2009-07-24,Kamala Magar,Hari Magar,Rita Magar,Manoj Magar,Hari Magar,Rita Magar,Ramesh Magar,Sunita Magar,Gita Magar
Ram Regmi,Hari Regmi,OD6355742,2024-03-02,2018-03-25,Gopal Regmi,Ramesh Regmi,Gita Regmi,Hari Regmi,Shyam Regmi,Gita Regmi,Sabita Regmi,Sita Regmi,Rita Regmi
Anil KC,Bikash KC,OZ5804391,2022-03-25,2014-03-04,Sunita KC,Ramesh KC,Rita KC,Manoj KC,Hari KC,Sunita KC,Hari KC,Sita KC,Sabita KC
Shyam Rai,Ramesh Rai,WO0597998,2011-06-06,2021-04-03,Manoj Rai,Hari Rai,Radha Rai,Manoj Rai,Anil Rai,Sita Rai,Ramesh Rai,Rita Rai,Laxmi Rai
Kiran Rai,Shyam Rai,ZM1342592,2021-04-20,2012-08-28,Rita Rai,Hari Rai,Sabita Rai,Deepak Rai,Bikash Rai,Maya Rai,Deepak Rai,Rita Rai,Sunita Rai
Gopal KC,Ramesh KC,RN1186921,2016-03-15,2017-06-18,Radha KC,Sita KC,Laxmi KC,Kiran KC,Anil KC,Asha KC,Gopal KC,Sita KC,Laxmi KC
Bikash Poudel,Kiran Poudel,DI3094487,2024-03-03,2019-02-14,Ramesh Poudel,Gopal Poudel,Kamala Poudel,Bikash Poudel,Gopal Poudel,Sita Poudel,Anil Poudel,Gita Poudel,Kamala Poudel
Deepak Adhikari,Bikash Adhikari,SQ6798894,2015-06-17,2018-11-03,Hari Adhikari,Sabita Adhikari,Maya Adhikari,Bikash Adhikari,Bikash Adhikari,Rita Adhikari,Asha Adhikari,Sita Adhikari,Sunita Adhikari
Kiran Poudel,Ram Poudel,PC8768446,2020-10-01,2020-03-10,Ramesh Poudel,Kiran Poudel,Sita Poudel,Gopal Poudel,Anil Poudel,Radha Poudel,Maya Poudel,Radha Poudel,Sabita Poudel
Kiran Shrestha,Anil Shrestha,TZ8025908,2008-12-16,2007-11-16,Rita Shrestha,Maya Shrestha,Kamala Shrestha,Hari Shrestha,Kiran Shrestha,Asha Shrestha,Kiran Shrestha,Radha Shrestha,Rita Shrestha
Ram Adhikari,Ramesh Adhikari,FB4341053,2009-07-24,2013-05-23,Ram Adhikari,Manoj Adhikari,Gita Adhikari,Anil Adhikari,Deepak Adhikari,Gita Adhikari,Gita Adhikari,Kamala Adhikari,Rita Adhikari
Deepak Subedi,Bikash Subedi,PX1783094,2013-11-16,2009-12-15,Radha Subedi,Asha Subedi,Laxmi Subedi,Bikash Subedi,Anil Subedi,Laxmi Subedi,Rita Subedi,Laxmi Subedi,Maya Subedi
Shyam Dhakal,Ram Dhakal,ML2323748,2022-08-25,2015-01-30,Hari Dhakal,Radha Dhakal,Laxmi Dhakal,Hari Dhakal,Anil Dhakal,Sabita Dhakal,Laxmi Dhakal,Sita Dhakal,Sita Dhakal
Gopal Lama,Deepak Lama,KF5678652,2011-01-04,2008-12-27,Ramesh Lama,Kamala Lama,Sunita Lama,Hari Lama,Manoj Lama,Sunita Lama,Rita Lama,Maya Lama,Laxmi Lama
Ramesh Ghimire,Bikash Ghimire,RE4071755,2016-11-29,2007-05-30,Rita Ghimire,Sabita Ghimire,Rita Ghimire,Ramesh Ghimire,Bikash Ghimire,Kamala Ghimire,Hari Ghimire,Asha Ghimire,Laxmi Ghimire
Bikash Subedi,Deepak Subedi,UT6115130,2021-10-22,2023-01-01,Hari Subedi,Laxmi Subedi,Sabita Subedi,Bikash Subedi,Hari Subedi,Radha Subedi,Rita Subedi,Gita Subedi,Maya Subedi
Manoj Gurung,Gopal Gurung,OQ8322499,2011-01-21,2023-10-18,Asha Gurung,Kamala Gurung,Gita Gurung,Ramesh Gurung,Manoj Gurung,Laxmi Gurung,Gita Gurung,Kamala Gurung,Sita Gurung
Gopal Chhetri,Manoj Chhetri,PM4336751,2020-09-22,2011-04-16,Sunita Chhetri,Asha Chhetri,Sita Chhetri,Kiran Chhetri,Gopal Chhetri,Radha Chhetri,Rita Chhetri,Kamala Chhetri,Sita Chhetri
Bikash Bhattarai,Anil Bhattarai,PY4504961,2017-08-11,2022-03-22,Anil Bhattarai,Deepak Bhattarai,Kamala Bhattarai,Ramesh Bhattarai,Deepak Bhattarai,Radha Bhattarai,Asha Bhattarai,Asha Bhattarai,Kamala Bhattarai
Gopal Shrestha,Ramesh Shrestha,SN9706142,2013-04-19,2010-03-24,Radha Shrestha,Anil Shrestha,Maya Shrestha,Shyam Shrestha,Shyam Shrestha,Sita Shrestha,Ram Shrestha,Kamala Shrestha,Sita Shrestha
Hari Rai,Ramesh Rai,OR2532815,2017-06-16,2007-03-13,Hari Rai,Bikash Rai,Radha Rai,Manoj Rai,Manoj Rai,Gita Rai,Radha Rai,Sita Rai,Kamala Rai
Manoj Shrestha,Anil Shrestha,KK2299388,2011-12-16,2018-02-18,Shyam Shrestha,Deepak Shrestha,Rita Shrestha,Deepak Shrestha,Ramesh Shrestha,Rita Shrestha,Gopal Shrestha,Radha Shrestha,Kamala Shrestha
Ram Dhakal,Deepak Dhakal,PZ3809664,2024-02-03,2024-01-13,Asha Dhakal,Laxmi Dhakal,Laxmi Dhakal,Manoj Dhakal,Anil Dhakal,Sabita Dhakal,Maya Dhakal,Maya Dhakal,Sita Dhakal
Bikash Rijal,Hari Rijal,GY5011952,2023-08-27,2015-05-31,Ramesh Rijal,Anil Rijal,Sabita Rijal,Kiran Rijal,Shyam Rijal,Sabita Rijal,Kamala Rijal,Laxmi Rijal,Gita Rijal
Hari Subedi,Anil Subedi,YK0063776,2014-07-21,2020-08-03,Rita Subedi,Ramesh Subedi,Radha Subedi,Anil Subedi,Anil Subedi,Gita Subedi,Ramesh Subedi,Maya Subedi,Laxmi Subedi
Ram Rai,Kiran Rai,SC6220737,2009-12-12,2022-08-16,Rita Rai,Ram Rai,Radha Rai,Deepak Rai,Shyam Rai,Gita Rai,Kamala Rai,Sunita Rai,Maya Rai
Deepak Bhattarai,Shyam Bhattarai,WA5985594,2015-09-17,2014-01-14,Asha Bhattarai,Radha Bhattarai,Kamala Bhattarai,Ram Bhattarai,Kiran Bhattarai,Rita Bhattarai,Manoj Bhattarai,Asha Bhattarai,Sunita Bhattarai
Hari Gurung,Kiran Gurung,GQ4584104,2020-09-11,2015-11-27,Gita Gurung,Kamala Gurung,Sita Gurung,Kiran Gurung,Kiran Gurung,Gita Gurung,Gita Gurung,Maya Gurung,Sabita Gurung
Ramesh Rijal,Ramesh Rijal,OV3305849,2009-10-07,2020-05-19,Sunita Rijal,Maya Rijal,Radha Rijal,Bikash Rijal,Ramesh Rijal,Rita Rijal,Hari Rijal,Sabita Rijal,Asha Rijal
Ramesh Adhikari,Hari Adhikari,UZ9289196,2017-01-03,2019-09-29,Gita Adhikari,Kamala Adhikari,Gita Adhikari,Ramesh Adhikari,Deepak Adhikari,Maya Adhikari,Manoj Adhikari,Sabita Adhikari,Asha Adhikari
Deepak Bhattarai,Manoj Bhattarai,GR0804557,2018-08-06,2023-01-21,Asha Bhattarai,Sita Bhattarai,Radha Bhattarai,Kiran Bhattarai,Ram Bhattarai,Kamala Bhattarai,Shyam Bhattarai,Maya Bhattarai,Sita Bhattarai
Anil KC,Manoj KC,YR8139950,2015-02-28,2007-12-23,Bikash KC,Shyam KC,Rita KC,Gopal KC,Kiran KC,Kamala KC,Laxmi KC,Rita KC,Asha KC
Ram Bhattarai,Gopal Bhattarai,QH0304190,2022-09-09,2019-12-25,Kiran Bhattarai,Radha Bhattarai,Maya Bhattarai,Bikash Bhattarai,Deepak Bhattarai,Kamala Bhattarai,Sunita Bhattarai,Gita Bhattarai,Sita Bhattarai
Kiran Acharya,Shyam Acharya,GO9394680,2007-01-31,2013-09-10,Ramesh Acharya,Sunita Acharya,Rita Acharya,Bikash Acharya,Kiran Acharya,Sabita Acharya,Maya Acharya,Laxmi Acharya,Laxmi Acharya
Anil Ghimire,Gopal Ghimire,JS9789434,2016-10-09,2022-06-23,Asha Ghimire,Sita Ghimire,Radha Ghimire,Deepak Ghimire,Ramesh Ghimire,Asha Ghimire,Sabita Ghimire,Sita Ghimire,Asha Ghimire
Anil Acharya,Manoj Acharya,CP7368805,2015-03-21,2008-08-10,Gita Acharya,Sabita Acharya,Sabita Acharya,Bikash Acharya,Kiran Acharya,Sabita Acharya,Anil Acharya,Rita Acharya,Asha Acharya
Ramesh Magar,Hari Magar,GY1318474,2019-09-20,2014-07-01,Laxmi Magar,Gopal Magar,Sabita Magar,Ramesh Magar,Gopal Magar,Rita Magar,Maya Magar,Sabita Magar,Sabita Magar
Shyam Tamang,Deepak Tamang,RC2124287,2023-08-04,2018-07-15,Kiran Tamang,Maya Tamang,Gita Tamang,Ramesh Tamang,Gopal Tamang,Gita Tamang,Rita Tamang,Sabita Tamang,Gita Tamang
Anil KC,Gopal KC,KA2085357,2023-01-27,2013-12-27,Anil KC,Bikash KC,Sabita KC,Manoj KC,Anil KC,Radha KC,Sunita KC,Asha KC,Sita KC
Ramesh Gurung,Deepak Gurung,AM4138891,2014-04-03,2008-12-26,Hari Gurung,Manoj Gurung,Radha Gurung,Deepak Gurung,Hari Gurung,Sita Gurung,Sunita Gurung,Radha Gurung,Radha Gurung
Gopal Karki,Bikash Karki,YN3237034,2008-07-12,2018-06-28,Kamala Karki,Sunita Karki,Sunita Karki,Hari Karki,Ram Karki,Maya Karki,Ramesh Karki,Sita Karki,Sabita Karki
Kiran Tamang,Manoj Tamang,SW0871217,2019-10-22,2018-03-18,Rita Tamang,Shyam Tamang,Sabita Tamang,Ramesh Tamang,Manoj Tamang,Maya Tamang,Sunita Tamang,Gita Tamang,Sunita Tamang
Shyam Subedi,Shyam Subedi,BY6193166,2023-04-19,2022-12-01,Rita Subedi,Maya Subedi,Rita Subedi,Kiran Subedi,Deepak Subedi,Kamala Subedi,Sunita Subedi,Gita Subedi,Laxmi Subedi
Hari Dhakal,Deepak Dhakal,GW8202853,2012-10-16,2007-07-28,Kamala Dhakal,Gopal Dhakal,Sabita Dhakal,Ramesh Dhakal,Deepak Dhakal,Kamala Dhakal,Hari Dhakal,Sunita Dhakal,Sunita Dhakal
Gopal Adhikari,Bikash Adhikari,TE1159033,2018-05-17,2017-07-26,Ramesh Adhikari,Hari Adhikari,Rita Adhikari,Bikash Adhikari,Shyam Adhikari,Radha Adhikari,Asha Adhikari,Rita Adhikari,Asha Adhikari
Kiran Magar,Bikash Magar,UB2718795,2020-11-02,2006-11-23,Hari Magar,Bikash Magar,Sunita Magar,Ram Magar,Kiran Magar,Kamala Magar,Manoj Magar,Maya Magar,Radha Magar
Anil Acharya,Manoj Acharya,JJ0561145,2013-08-29,2019-06-14,Bikash Acharya,Deepak Acharya,Kamala Acharya,Bikash Acharya,Hari Acharya,Asha Acharya,Ramesh Acharya,Maya Acharya,Laxmi Acharya
Manoj Bhattarai,Ram Bhattarai,TX2296908,2020-02-15,2008-05-03,Radha Bhattarai,Kamala Bhattarai,Kamala Bhattarai,Bikash Bhattarai,Gopal Bhattarai,Maya Bhattarai,Hari Bhattarai,Laxmi Bhattarai,Kamala Bhattarai
Gopal Subedi,Shyam Subedi,HD3882512,2009-03-24,2008-03-10,Sita Subedi,Anil Subedi,Kamala Subedi,Shyam Subedi,Ram Subedi,Radha Subedi,Sabita Subedi,Rita Subedi,Gita Subedi
Ram Rai,Manoj Rai,FN0075274,2009-05-10,2012-08-21,Gita Rai,Sunita Rai,Radha Rai,Bikash Rai,Ram Rai,Radha Rai,Maya Rai,Asha Rai,Sabita Rai
Kiran Gurung,Kiran Gurung,UM1206467,2012-02-11,2019-02-06,Rita Gurung,Anil Gurung,Maya Gurung,Anil Gurung,Anil Gurung,Kamala Gurung,Maya Gurung,Rita Gurung,Rita Gurung
Shyam Acharya,Kiran Acharya,XM4693236,2022-01-15,2011-03-12,Kiran Acharya,Asha Acharya,Sabita Acharya,Hari Acharya,Kiran Acharya,Radha Acharya,Bikash Acharya,Gita Acharya,Asha Acharya
Deepak Karki,Bikash Karki,ZK2975300,2007-04-20,2016-03-14,Ramesh Karki,Deepak Karki,Asha Karki,Bikash Karki,Anil Karki,Gita Karki,Manoj Karki,Radha Karki,Sita Karki
Bikash Adhikari,Kiran Adhikari,LS8347593,2008-06-19,2019-11-14,Radha Adhikari,Manoj Adhikari,Kamala Adhikari,Anil Adhikari,Anil Adhikari,Maya Adhikari,Kiran Adhikari,Kamala Adhikari,Radha Adhikari
Bikash Subedi,Deepak Subedi,UA0537321,2006-10-20,2008-01-09,Kamala Subedi,Hari Subedi,Sunita Subedi,Hari Subedi,Shyam Subedi,Kamala Subedi,Shyam Subedi,Kamala Subedi,Kamala Subedi
Manoj Rijal,Shyam Rijal,YG5088781,2010-12-01,2022-10-17,Kamala Rijal,Ramesh Rijal,Laxmi Rijal,Shyam Rijal,Deepak Rijal,Rita Rijal,Anil Rijal,Radha Rijal,Asha Rijal
Ramesh Chhetri,Deepak Chhetri,CO7780075,2014-09-30,2021-07-11,Bikash Chhetri,Manoj Chhetri,Gita Chhetri,Manoj Chhetri,Manoj Chhetri,Laxmi Chhetri,Hari Chhetri,Gita Chhetri,Asha Chhetri
Anil Adhikari,Hari Adhikari,BB3362714,2019-01-10,2015-03-11,Gita Adhikari,Ramesh Adhikari,Sita Adhikari,Anil Adhikari,Bikash Adhikari,Rita Adhikari,Manoj Adhikari,Laxmi Adhikari,Laxmi Adhikari
Kiran Chhetri,Shyam Chhetri,GO8050082,2013-09-02,2010-05-27,Sita Chhetri,Kiran Chhetri,Sita Chhetri,Gopal Chhetri,Deepak Chhetri,Maya Chhetri,Sabita Chhetri,Laxmi Chhetri,Gita Chhetri
Deepak Adhikari,Ramesh Adhikari,WY2282858,2014-10-06,2015-08-19,Manoj Adhikari,Sita Adhikari,Sunita Adhikari,Shyam Adhikari,Ram Adhikari,Laxmi Adhikari,Maya Adhikari,Laxmi Adhikari,Maya Adhikari
Hari Dhakal,Bikash Dhakal,UJ9203916,2011-10-16,2020-09-26,Sita Dhakal,Ramesh Dhakal,Sita Dhakal,Ram Dhakal,Anil Dhakal,Laxmi Dhakal,Sabita Dhakal,Sunita Dhakal,Sita Dhakal
Bikash Acharya,Shyam Acharya,JQ0324399,2023-05-16,2016-03-12,Kamala Acharya,Radha Acharya,Maya Acharya,Bikash Acharya,Bikash Acharya,Sita Acharya,Asha Acharya,Sunita Acharya,Sunita Acharya
Kiran Lama,Manoj Lama,JB6287768,2023-08-31,2010-10-17,Anil Lama,Gopal Lama,Sabita Lama,Manoj Lama,Bikash Lama,Sabita Lama,Gopal Lama,Kamala Lama,Maya Lama
Gopal Acharya,Ram Acharya,TK7578874,2010-12-10,2014-08-09,Radha Acharya,Sunita Acharya,Laxmi Acharya,Anil Acharya,Anil Acharya,Sita Acharya,Sita Acharya,Radha Acharya,Maya Acharya
Ram Chhetri,Manoj Chhetri,SD3338600,2020-11-02,2024-03-19,Ramesh Chhetri,Manoj Chhetri,Kamala Chhetri,Bikash Chhetri,Ram Chhetri,Sita Chhetri,Ram Chhetri,Sunita Chhetri,Sunita Chhetri
Gopal Acharya,Hari Acharya,QO8583948,2007-09-28,2014-03-21,Sita Acharya,Rita Acharya,Sunita Acharya,Gopal Acharya,Manoj Acharya,Sabita Acharya,Sunita Acharya,Asha Acharya,Sunita Acharya
Ramesh Poudel,Ramesh Poudel,KG7833746,2023-06-15,2024-03-05,Sita Poudel,Sabita Poudel,Rita Poudel,Bikash Poudel,Deepak Poudel,Asha Poudel,Sita Poudel,Radha Poudel,Kamala Poudel
Anil Shrestha,Anil Shrestha,ON5578101,2015-06-27,2019-02-01,Hari Shrestha,Gopal Shrestha,Laxmi Shrestha,Ramesh Shrestha,Deepak Shrestha,Maya Shrestha,Gopal Shrestha,Radha Shrestha,Rita Shrestha
Manoj Karki,Deepak Karki,UB1529539,2021-12-13,2019-02-22,Anil Karki,Asha Karki,Rita Karki,Manoj Karki,Shyam Karki,Rita Karki,Asha Karki,Gita Karki,Rita Karki
Deepak Thapa,Ram Thapa,VX2553873,2008-07-03,2009-08-26,Radha Thapa,Manoj Thapa,Radha Thapa,Manoj Thapa,Hari Thapa,Rita Thapa,Hari Thapa,Gita Thapa,Sabita Thapa
Ramesh Thapa,Hari Thapa,DD8575822,2007-11-10,2008-09-09,Ramesh Thapa,Manoj Thapa,Gita Thapa,Anil Thapa,Gopal Thapa,Laxmi Thapa,Ramesh Thapa,Kamala Thapa,Sita Thapa
Hari Karki,Ram Karki,OZ5943939,2010-05-29,2015-09-02,Deepak Karki,Hari Karki,Kamala Karki,Hari Karki,Hari Karki,Kamala Karki,Ram Karki,Rita Karki,Sabita Karki
Ramesh Shrestha,Shyam Shrestha,FT7078983,2006-11-25,2020-07-24,Kamala Shrestha,Hari Shrestha,Gita Shrestha,Ramesh Shrestha,Bikash Shrestha,Asha Shrestha,Deepak Shrestha,Sunita Shrestha,Radha Shrestha
Kiran Gurung,Anil Gurung,UF7751164,2023-03-19,2006-09-17,Rita Gurung,Maya Gurung,Asha Gurung,Deepak Gurung,Hari Gurung,Asha Gurung,Sabita Gurung,Radha Gurung,Kamala Gurung
Bikash Gurung,Hari Gurung,CV9158437,2009-07-06,2018-10-23,Radha Gurung,Sabita Gurung,Gita Gurung,Anil Gurung,Ram Gurung,Sunita Gurung,Bikash Gurung,Radha Gurung,Sita Gurung
Gopal Thapa,Shyam Thapa,LA5665170,2011-04-07,2011-12-09,Rita Thapa,Bikash Thapa,Gita Thapa,Kiran Thapa,Ram Thapa,Maya Thapa,Bikash Thapa,Gita Thapa,Kamala Thapa
Deepak Gurung,Anil Gurung,LH9703618,2018-01-30,2009-10-10,Kamala Gurung,Rita Gurung,Sabita Gurung,Deepak Gurung,Deepak Gurung,Sunita Gurung,Gopal Gurung,Asha Gurung,Radha Gurung
Kiran Rijal,Anil Rijal,KG9116585,2024-03-01,2023-01-20,Sunita Rijal,Gita Rijal,Kamala Rijal,Manoj Rijal,Hari Rijal,Maya Rijal,Sabita Rijal,Sunita Rijal,Rita Rijal
Ramesh Adhikari,Ramesh Adhikari,UO8524207,2009-03-30,2017-09-10,Asha Adhikari,Radha Adhikari,Laxmi Adhikari,Deepak Adhikari,Kiran Adhikari,Maya Adhikari,Ramesh Adhikari,Sita Adhikari,Sabita Adhikari
Manoj Rijal,Kiran Rijal,GO0442101,2021-01-09,2009-03-29,Gita Rijal,Maya Rijal,Kamala Rijal,Bikash Rijal,Kiran Rijal,Sabita Rijal,Sunita Rijal,Kamala Rijal,Gita Rijal
Gopal Shrestha,Ram Shrestha,SA8020624,2023-08-09,2017-02-05,Rita Shrestha,Bikash Shrestha,Laxmi Shrestha,Manoj Shrestha,Anil Shrestha,Maya Shrestha,Manoj Shrestha,Laxmi Shrestha,Sabita Shrestha
Ram Karki,Deepak Karki,BM6176665,2021-10-19,2006-09-13,Gopal Karki,Sita Karki,Sita Karki,Hari Karki,Shyam Karki,Gita Karki,Manoj Karki,Radha Karki,Maya Karki
Ram Bhattarai,Manoj Bhattarai,IX2790791,2021-01-12,2018-09-24,Rita Bhattarai,Sita Bhattarai,Maya Bhattarai,Bikash Bhattarai,Shyam Bhattarai,Gita Bhattarai,Sita Bhattarai,Sabita Bhattarai,Sunita Bhattarai
Deepak Basnet,Gopal Basnet,QN2886416,2020-08-16,2022-09-24,Asha Basnet,Ram Basnet,Gita Basnet,Manoj Basnet,Deepak Basnet,Laxmi Basnet,Gopal Basnet,Rita Basnet,Kamala Basnet
Ramesh Shrestha,Deepak Shrestha,UN3803013,2018-02-04,2021-03-24,Gita Shrestha,Kamala Shrestha,Laxmi Shrestha,Deepak Shrestha,Bikash Shrestha,Sita Shrestha,Rita Shrestha,Sita Shrestha,Laxmi Shrestha
Deepak Thapa,Ram Thapa,BZ9723155,2017-01-24,2023-04-20,Gita Thapa,Deepak Thapa,Gita Thapa,Ramesh Thapa,Manoj Thapa,Gita Thapa,Sunita Thapa,Maya Thapa,Kamala Thapa
Shyam Rai,Deepak Rai,ST3130816,2013-12-14,2013-08-15,Ram Rai,Manoj Rai,Laxmi Rai,Ram Rai,Ram Rai,Kamala Rai,Ramesh Rai,Asha Rai,Gita Rai
Hari Poudel,Anil Poudel,YK3706835,2015-11-25,2022-07-03,Radha Poudel,Kiran Poudel,Sunita Poudel,Hari Poudel,Ramesh Poudel,Gita Poudel,Shyam Poudel,Maya Poudel,Radha Poudel
Bikash Gurung,Hari Gurung,LA4471578,2023-02-07,2019-12-01,Sita Gurung,Shyam Gurung,Laxmi Gurung,Kiran Gurung,Hari Gurung,Gita Gurung,Sabita Gurung,Gita Gurung,Asha Gurung
Ram Gurung,Ramesh Gurung,RR7789636,2011-11-02,2014-10-03,Deepak Gurung,Rita Gurung,Maya Gurung,Gopal Gurung,Gopal Gurung,Maya Gurung,Rita Gurung,Kamala Gurung,Kamala Gurung
Kiran Rijal,Ramesh Rijal,JS2645731,2010-07-26,2019-09-09,Shyam Rijal,Asha Rijal,Kamala Rijal,Deepak Rijal,Ram Rijal,Laxmi Rijal,Hari Rijal,Radha Rijal,Sita Rijal
Kiran Lama,Manoj Lama,RA7952585,2013-07-16,2006-10-04,Deepak Lama,Ramesh Lama,Radha Lama,Ram Lama,Manoj Lama,Gita Lama,Kamala Lama,Rita Lama,Sita Lama
Bikash Tamang,Shyam Tamang,JX5440852,2014-10-29,2011-08-01,Deepak Tamang,Ram Tamang,Maya Tamang,Manoj Tamang,Gopal Tamang,Sabita Tamang,Radha Tamang,Rita Tamang,Gita Tamang
Ramesh Regmi,Bikash Regmi,FR3562372,2017-02-04,2017-09-25,Maya Regmi,Anil Regmi,Asha Regmi,Shyam Regmi,Gopal Regmi,Sabita Regmi,Asha Regmi,Kamala Regmi,Gita Regmi
Shyam Thapa,Gopal Thapa,RT5510750,2017-05-02,2024-01-24,Laxmi Thapa,Radha Thapa,Maya Thapa,Kiran Thapa,Ramesh Thapa,Kamala Thapa,Shyam Thapa,Asha Thapa,Radha Thapa
Shyam Thapa,Shyam Thapa,FU8280720,2017-11-26,2017-04-12,Hari Thapa,Shyam Thapa,Sunita Thapa,Gopal Thapa,Manoj Thapa,Laxmi Thapa,Gita Thapa,Rita Thapa,Kamala Thapa
Manoj Adhikari,Hari Adhikari,NG0981912,2006-07-07,2010-03-14,Kamala Adhikari,Hari Adhikari,Laxmi Adhikari,Anil Adhikari,Shyam Adhikari,Sunita Adhikari,Asha Adhikari,Laxmi Adhikari,Gita Adhikari
Gopal Regmi,Kiran Regmi,DH0859780,2008-05-29,2016-12-08,Gopal Regmi,Sabita Regmi,Rita Regmi,Anil Regmi,Shyam Regmi,Maya Regmi,Radha Regmi,Sabita Regmi,Laxmi Regmi
Anil Subedi,Manoj Subedi,GT0930488,2022-05-24,2018-04-04,Sita Subedi,Gita Subedi,Sabita Subedi,Manoj Subedi,Manoj Subedi,Rita Subedi,Gita Subedi,Rita Subedi,Radha Subedi
Manoj Gurung,Bikash Gurung,ZI0742955,2021-05-29,2022-04-03,Radha Gurung,Gita Gurung,Sabita Gurung,Bikash Gurung,Bikash Gurung,Asha Gurung,Asha Gurung,Sabita Gurung,Laxmi Gurung
Anil Subedi,Hari Subedi,FB2888460,2008-12-20,2013-04-08,Bikash Subedi,Radha Subedi,Gita Subedi,Shyam Subedi,Hari Subedi,Sita Subedi,Radha Subedi,Sunita Subedi,Kamala Subedi
Kiran Poudel,Kiran Poudel,EB4295913,2020-11-10,2021-03-13,Ramesh Poudel,Laxmi Poudel,Sabita Poudel,Shyam Poudel,Manoj Poudel,Rita Poudel,Asha Poudel,Sunita Poudel,Rita Poudel
Kiran Thapa,Kiran Thapa,JZ6331777,2011-12-25,2018-06-19,Laxmi Thapa,Maya Thapa,Laxmi Thapa,Ramesh Thapa,Anil Thapa,Gita Thapa,Deepak Thapa,Sita Thapa,Sabita Thapa
Bikash Karki,Hari Karki,GD6878367,2021-08-22,2022-08-23,Gita Karki,Manoj Karki,Kamala Karki,Manoj Karki,Hari Karki,Asha Karki,Deepak Karki,Asha Karki,Sunita Karki
Hari Acharya,Ramesh Acharya,PS7739306,2020-11-25,2014-08-12,Sita Acharya,Manoj Acharya,Laxmi Acharya,Manoj Acharya,Ram Acharya,Sita Acharya,Shyam Acharya,Gita Acharya,Maya Acharya
Deepak Lama,Shyam Lama,YI2761261,2016-12-14,2017-07-16,Ramesh Lama,Bikash Lama,Rita Lama,Deepak Lama,Anil Lama,Sunita Lama,Manoj Lama,Kamala Lama,Kamala Lama
Shyam Bhattarai,Ram Bhattarai,QF7948417,2019-09-08,2012-09-23,Hari Bhattarai,Gita Bhattarai,Rita Bhattarai,Bikash Bhattarai,Anil Bhattarai,Maya Bhattarai,Maya Bhattarai,Kamala Bhattarai,Kamala Bhattarai
Anil Karki,Ram Karki,YP4451429,2008-01-01,2016-09-24,Ram Karki,Kiran Karki,Sabita Karki,Manoj Karki,Manoj Karki,Asha Karki,Rita Karki,Sabita Karki,Maya Karki
Bikash Adhikari,Ram Adhikari,GW3792237,2019-12-21,2023-04-21,Shyam Adhikari,Asha Adhikari,Laxmi Adhikari,Manoj Adhikari,Manoj Adhikari,Rita Adhikari,Radha Adhikari,Sunita Adhikari,Radha Adhikari
Manoj Bhattarai,Deepak Bhattarai,PU7532359,2010-05-09,2006-07-22,Manoj Bhattarai,Deepak Bhattarai,Asha Bhattarai,Gopal Bhattarai,Kiran Bhattarai,Maya Bhattarai,Ram Bhattarai,Gita Bhattarai,Radha Bhattarai
Ram Magar,Gopal Magar,GG2123554,2007-09-12,2016-10-09,Bikash Magar,Shyam Magar,Kamala Magar,Deepak Magar,Kiran Magar,Asha Magar,Shyam Magar,Sita Magar,Maya Magar
Shyam Magar,Deepak Magar,JC8901929,2020-09-26,2014-04-12,Rita Magar,Radha Magar,Maya Magar,Bikash Magar,Manoj Magar,Rita Magar,Sunita Magar,Asha Magar,Radha Magar
Kiran Regmi,Gopal Regmi,NN4097285,2017-11-10,2024-04-10,Hari Regmi,Kamala Regmi,Sabita Regmi,Bikash Regmi,Ramesh Regmi,Asha Regmi,Gita Regmi,Sabita Regmi,Gita Regmi
Hari Regmi,Anil Regmi,BJ7681859,2009-07-28,2021-03-21,Maya Regmi,Kiran Regmi,Rita Regmi,Gopal Regmi,Gopal Regmi,Sunita Regmi,Hari Regmi,Maya Regmi,Gita Regmi
Shyam Dhakal,Shyam Dhakal,KR0183557,2018-04-20,2016-12-02,Sunita Dhakal,Hari Dhakal,Radha Dhakal,Shyam Dhakal,Hari Dhakal,Maya Dhakal,Gopal Dhakal,Gita Dhakal,Sabita Dhakal
Anil Shrestha,Ram Shrestha,TL2696771,2009-08-04,2009-01-14,Gopal Shrestha,Ramesh Shrestha,Sita Shrestha,Anil Shrestha,Shyam Shrestha,Sunita Shrestha,Asha Shrestha,Radha Shrestha,Maya Shrestha
Gopal Karki,Hari Karki,HP1485440,2016-11-27,2022-10-17,Gita Karki,Bikash Karki,Laxmi Karki,Shyam Karki,Shyam Karki,Laxmi Karki,Sabita Karki,Rita Karki,Gita Karki
Hari Shrestha,Ramesh Shrestha,PQ9656107,2015-03-30,2006-11-19,Rita Shrestha,Asha Shrestha,Maya Shrestha,Hari Shrestha,Gopal Shrestha,Rita Shrestha,Anil Shrestha,Laxmi Shrestha,Sunita Shrestha
Shyam Adhikari,Kiran Adhikari,YX3753195,2012-08-28,2020-07-27,Anil Adhikari,Deepak Adhikari,Sita Adhikari,Manoj Adhikari,Ram Adhikari,Kamala Adhikari,Hari Adhikari,Sabita Adhikari,Sita Adhikari
Anil KC,Hari KC,ST8740545,2009-11-28,2012-02-22,Maya KC,Manoj KC,Rita KC,Kiran KC,Deepak KC,Maya KC,Kiran KC,Laxmi KC,Sita KC
