cif_id,orgkey,cust_first_name,cust_middle_name,cust_last_name,preferredphone,preferredname,preferredemail,email,gender,name,pan
DLNIND4568821,R01562055,Duman,Narayan,Neupane,9.77983E+12,Duman Narayan Neupane,duman492@gmail.com,duman492@gmail.com,M,Duman Narayan Neupane,PAN714271279
DLNIND7235296,R01911512,Prajina,Devi,Maharjan,9.77989E+12,Prajina Devi Maharjan,prajina427@gmail.com,prajina427@gmail.com,F,Prajina Devi Maharjan,PAN503838478
DLNIND1406504,R02944296,Humacanta,Bipin,Thapa,9.77986E+12,Humacanta Bipin Thapa,humacanta862@gmail.com,humacanta862@gmail.com,M,Humacanta Bipin Thapa,PAN668645879
DLNLEG6218579,C00038863,KHOTANG FOODS PVT. LTD.,,,9.77986E+12,KHOTANG FOODS PVT. LTD.,khotangfoods840@outlook.com,khotangfoods840@outlook.com,,KHOTANG FOODS PVT. LTD.,PAN533918346
DLNIND1255130,R01651971,Adarsh,Bhakta,Lama,9.77981E+12,Adarsh Bhakta Lama,adarsh904@gmail.com,adarsh904@gmail.com,M,Adarsh Bhakta Lama,PAN331700070
DLNLEG8980703,R68384006,KALINCHOWK REAL ESTATE PVT. LTD.,,,9.77984E+12,KALINCHOWK REAL ESTATE PVT. LTD.,kalinchowkrealestate968@outlook.com,kalinchowkrealestate968@outlook.com,,KALINCHOWK REAL ESTATE PVT. LTD.,PAN922795324
DLNIND1498614,R01786441,Keith,Bikram,Rai,9.77985E+12,Keith Bikram Rai,keith826@gmail.com,keith826@gmail.com,M,Keith Bikram Rai,PAN182388122
DLNLEG9370940,C00004458,HIMAL DAIRY PRODUCTS PVT. LTD.,,,9.7799E+12,HIMAL DAIRY PRODUCTS PVT. LTD.,himaldairyproducts393@outlook.com,himaldairyproducts393@outlook.com,,HIMAL DAIRY PRODUCTS PVT. LTD.,PAN931349773
DLNLEG8767566,I40510833,EVEREST FOOTWEAR PVT. LTD.,,,9.77986E+12,EVEREST FOOTWEAR PVT. LTD.,everestfootwear774@outlook.com,everestfootwear774@outlook.com,,EVEREST FOOTWEAR PVT. LTD.,PAN402958382
DLNIND9286944,19898447,Veshraj,,Mainali,9861674997,Veshraj  Mainali,Veshraj.Mainali@dlytica.com,Veshraj.Mainali@dlytica.com,M,Veshraj  Mainali,PAN140168943
DLNIND3186116,R01901393,Posraj,Bhakta,Dahal,9.77989E+12,Posraj Bhakta Dahal,posraj514@gmail.com,posraj514@gmail.com,M,Posraj Bhakta Dahal,PAN108679158
DLNLEG5646672,C00033937,MANASLU HOSPITALITY PVT. LTD.,,,9.77989E+12,MANASLU HOSPITALITY PVT. LTD.,manasluhospitality709@outlook.com,manasluhospitality709@outlook.com,,MANASLU HOSPITALITY PVT. LTD.,PAN280369345
DLNIND2287753,R01028393,Kumud,Kumari,Regmi,9.77982E+12,Kumud Kumari Regmi,kumud395@gmail.com,kumud395@gmail.com,F,Kumud Kumari Regmi,PAN167423035
DLNLEG1290799,C00004434,PYUTHAN LOGISTICS PVT. LTD.,,,9.77985E+12,PYUTHAN LOGISTICS PVT. LTD.,pyuthanlogistics659@outlook.com,pyuthanlogistics659@outlook.com,,PYUTHAN LOGISTICS PVT. LTD.,PAN679940823
DLNIND5601256,R01901406,Rajoj,Hari,Rana,9.77981E+12,Rajoj Hari Rana,rajoj646@gmail.com,rajoj646@gmail.com,M,Rajoj Hari Rana,PAN185594326
DLNLEG5919852,C00004442,RUPA SAVINGS AND CREDIT COOPERATIVE LTD.,,,9.77986E+12,RUPA SAVINGS AND CREDIT COOPERATIVE LTD.,rupasavingsandcreditcooperative845@outlook.com,rupasavingsandcreditcooperative845@outlook.com,,RUPA SAVINGS AND CREDIT COOPERATIVE LTD.,PAN723809886
DLNIND2830344,R33297804,Apsa,Devi,Adhikari,9.77986E+12,Apsa Devi Adhikari,apsa211@gmail.com,apsa211@gmail.com,F,Apsa Devi Adhikari,PAN755710007
DLNLEG1598748,800520371,SAGARMATHA TRADERS PVT. LTD.,,,9.77985E+12,SAGARMATHA TRADERS PVT. LTD.,sagarmathatraders388@outlook.com,sagarmathatraders388@outlook.com,,SAGARMATHA TRADERS PVT. LTD.,PAN606494169
DLNIND7537080,R00090623,Bashuki,Maan,Neupane,9.77989E+12,Bashuki Maan Neupane,bashuki760@gmail.com,bashuki760@gmail.com,M,Bashuki Maan Neupane,PAN479408245
DLNLEG3727146,R22133142,LUMBINI INTERNATIONAL PVT. LTD.,,,9.77988E+12,LUMBINI INTERNATIONAL PVT. LTD.,lumbiniinternational699@outlook.com,lumbiniinternational699@outlook.com,,LUMBINI INTERNATIONAL PVT. LTD.,PAN484574196
DLNIND6814583,R01084371,Krishala,Kumari,Sharma,9.7799E+12,Krishala Kumari Sharma,krishala796@gmail.com,krishala796@gmail.com,F,Krishala Kumari Sharma,PAN571982938
DLNLEG5828268,R90504419,MAHENDRANAGAR CONSULTANCY PVT. LTD.,,,9.77985E+12,MAHENDRANAGAR CONSULTANCY PVT. LTD.,mahendranagarconsultancy369@outlook.com,mahendranagarconsultancy369@outlook.com,,MAHENDRANAGAR CONSULTANCY PVT. LTD.,PAN649400480
DLNIND2622447,R01516157,Prashanta,Babu,Thapa,9810288411,Prashanta Babu Thapa,Prashant.babu@dlytica.com,Prashant.babu@dlytica.com,M,Prashanta Babu Thapa,PAN288484684
DLNIND4157875,R02906784,Hrisheekesh,Dev,Khadka,9.77986E+12,Hrisheekesh Dev Khadka,hrisheekesh654@gmail.com,hrisheekesh654@gmail.com,M,Hrisheekesh Dev Khadka,PAN847554163
DLNIND8212211,R15483718,Tanushree,Devi,Regmi,9.77987E+12,Tanushree Devi Regmi,tanushree261@gmail.com,tanushree261@gmail.com,F,Tanushree Devi Regmi,PAN976589899
DLNIND3263104,R01592493,Prasanga,Bishal,Neupane,9.77987E+12,Prasanga Bishal Neupane,prasanga779@gmail.com,prasanga779@gmail.com,M,Prasanga Bishal Neupane,PAN924788908
DLNIND3744151,319749297,Buddhiraj,Bibek,Thakuri,9.77988E+12,Buddhiraj Bibek Thakuri,buddhiraj664@gmail.com,buddhiraj664@gmail.com,M,Buddhiraj Bibek Thakuri,PAN143048430
DLNIND4269310,R01266590,Bandana,Lal,Acharya,9.77988E+12,Bandana Lal Acharya,bandana657@gmail.com,bandana657@gmail.com,M,Bandana Lal Acharya,PAN473804509
DLNIND5676264,R02063811,Hina,Maya,Neupane,9.7799E+12,Hina Maya Neupane,hina652@gmail.com,hina652@gmail.com,F,Hina Maya Neupane,PAN792646871
DLNLEG6465924,R01001079,BIRATNAGAR AUTOMOBILES PVT. LTD.,,,9.77985E+12,BIRATNAGAR AUTOMOBILES PVT. LTD.,biratnagarautomobiles930@outlook.com,biratnagarautomobiles930@outlook.com,,BIRATNAGAR AUTOMOBILES PVT. LTD.,PAN952179235
DLNLEG5924902,R46253427,SUNSARI MANUFACTURING LTD.,,,9.77988E+12,SUNSARI MANUFACTURING LTD.,sunsarimanufacturing849@outlook.com,sunsarimanufacturing849@outlook.com,,SUNSARI MANUFACTURING LTD.,PAN596302582
DLNLEG6576494,R09092002,NEPAL AIRLINES LTD.,,,9.77986E+12,NEPAL AIRLINES LTD.,nepalairlines939@outlook.com,nepalairlines939@outlook.com,,NEPAL AIRLINES LTD.,PAN813377590
DLNIND3986994,R00134245,Asphota,Maya,Shrestha,9.77983E+12,Asphota Maya Shrestha,asphota998@gmail.com,asphota998@gmail.com,F,Asphota Maya Shrestha,PAN141132761
DLNIND9997823,R01911516,Pranij,Lal,Karki,9.7799E+12,Pranij Lal Karki,pranij859@gmail.com,pranij859@gmail.com,M,Pranij Lal Karki,PAN859562290
DLNLEG7996075,C00086423,NEPAL FINANCE GROUP LTD.,,,9.77983E+12,NEPAL FINANCE GROUP LTD.,nepalfinancegroup527@outlook.com,nepalfinancegroup527@outlook.com,,NEPAL FINANCE GROUP LTD.,PAN914688823
DLNIND5576304,R01082803,Lucy,Laxmi,Regmi,9.77984E+12,Lucy Laxmi Regmi,lucy858@gmail.com,lucy858@gmail.com,F,Lucy Laxmi Regmi,PAN747150056
DLNIND3092463,R00185654,Sonali,Maya,Dahal,9.77982E+12,Sonali Maya Dahal,sonali840@gmail.com,sonali840@gmail.com,F,Sonali Maya Dahal,PAN217875834
DLNLEG5142567,R23114400,BHIMSEN AGRICULTURAL COOPERATIVE LTD.,,,9.77986E+12,BHIMSEN AGRICULTURAL COOPERATIVE LTD.,bhimsenagriculturalcooperative107@outlook.com,bhimsenagriculturalcooperative107@outlook.com,,BHIMSEN AGRICULTURAL COOPERATIVE LTD.,PAN491606593
DLNLEG3709876,C00004448,KAILASH PRINTING PRESS PVT. LTD.,,,9.77982E+12,KAILASH PRINTING PRESS PVT. LTD.,kailashprintingpress575@outlook.com,kailashprintingpress575@outlook.com,,KAILASH PRINTING PRESS PVT. LTD.,PAN880276201
DLNIND2129887,R01911511,Heli,Saraswati,Acharya,9.77985E+12,Heli Saraswati Acharya,heli853@gmail.com,heli853@gmail.com,F,Heli Saraswati Acharya,PAN502308017
DLNLEG5063941,R30091981,SYANGJA FOOTWEAR PVT. LTD.,,,9.77986E+12,SYANGJA FOOTWEAR PVT. LTD.,syangjafootwear282@outlook.com,syangjafootwear282@outlook.com,,SYANGJA FOOTWEAR PVT. LTD.,PAN392428656
DLNIND4781798,A09557301,Anoj,Bahadur,Yadav,9.77987E+12,Anoj Bahadur Yadav,anoj746@gmail.com,anoj746@gmail.com,M,Anoj Bahadur Yadav,PAN960820793
DLNIND8778682,R52291857,Srija,Krishna,Lama,9.77988E+12,Srija Krishna Lama,srija429@gmail.com,srija429@gmail.com,M,Srija Krishna Lama,PAN773963914
DLNIND6192226,R01901407,Nirvan,Bishnu,Maharjan,9.77988E+12,Nirvan Bishnu Maharjan,nirvan446@gmail.com,nirvan446@gmail.com,M,Nirvan Bishnu Maharjan,PAN160990648
DLNIND1372327,R28893337,Pramil,Narayan,Adhikari,9.77988E+12,Pramil Narayan Adhikari,pramil285@gmail.com,pramil285@gmail.com,M,Pramil Narayan Adhikari,PAN729503320
DLNIND7445925,R00587212,Abid,Gopal,Khadka,9.77984E+12,Abid Gopal Khadka,abid961@gmail.com,abid961@gmail.com,M,Abid Gopal Khadka,PAN409564003
DLNLEG5334058,C00004447,SUNSARI VENTURES LTD.,,,9.77983E+12,SUNSARI VENTURES LTD.,sunsariventures504@outlook.com,sunsariventures504@outlook.com,,SUNSARI VENTURES LTD.,PAN222576654
DLNIND9450331,R01014498,Avineak,Bishal,Pandey,9.77986E+12,Avineak Bishal Pandey,avineak833@gmail.com,avineak833@gmail.com,M,Avineak Bishal Pandey,PAN642077006
DLNIND7340765,R01700535,Timilsina,Gopal,Acharya,9.77989E+12,Timilsina Gopal Acharya,timilsina998@gmail.com,timilsina998@gmail.com,M,Timilsina Gopal Acharya,PAN370287241
DLNLEG1075920,R30090144,RUKUM CO-OP FINANCE LTD.,,,9.77981E+12,RUKUM CO-OP FINANCE LTD.,rukumco-opfinance247@outlook.com,rukumco-opfinance247@outlook.com,,RUKUM CO-OP FINANCE LTD.,PAN136521569
DLNIND9910969,R00061514,Poshan,Gopal,Bhandari,9.77988E+12,Poshan Gopal Bhandari,poshan218@gmail.com,poshan218@gmail.com,M,Poshan Gopal Bhandari,PAN170015742
DLNIND7426436,R66368828,Shirish,Shankar,Timalsina,9.77985E+12,Shirish Shankar Timalsina,shirish503@gmail.com,shirish503@gmail.com,M,Shirish Shankar Timalsina,PAN849149601
DLNIND8636016,R01586586,Sammriddha,Bipin,Poudel,9.77983E+12,Sammriddha Bipin Poudel,sammriddha346@gmail.com,sammriddha346@gmail.com,M,Sammriddha Bipin Poudel,PAN455824426
DLNIND4211643,O99520992,Sriti,Kumari,Thapa,9.7799E+12,Sriti Kumari Thapa,sriti221@gmail.com,sriti221@gmail.com,F,Sriti Kumari Thapa,PAN697945863
DLNIND5509870,R39939293,Girijesh,Bibek,Limbu,9.77989E+12,Girijesh Bibek Limbu,girijesh608@gmail.com,girijesh608@gmail.com,M,Girijesh Bibek Limbu,PAN230636400
DLNIND7872351,R00905776,Bikalpa,Saraswati,Limbu,9.77985E+12,Bikalpa Saraswati Limbu,bikalpa583@gmail.com,bikalpa583@gmail.com,F,Bikalpa Saraswati Limbu,PAN839648484
DLNIND7227326,R16155515,Sunanda,Bishnu,Rai,9.77989E+12,Sunanda Bishnu Rai,sunanda615@gmail.com,sunanda615@gmail.com,M,Sunanda Bishnu Rai,PAN613246502
DLNIND1550667,R01847463,Rajababu,Bishal,Dahal,9.77987E+12,Rajababu Bishal Dahal,rajababu654@gmail.com,rajababu654@gmail.com,M,Rajababu Bishal Dahal,PAN690459021
DLNIND3781309,R00891649,Talaz,Prasad,Bhattarai,9.77983E+12,Talaz Prasad Bhattarai,talaz464@gmail.com,talaz464@gmail.com,M,Talaz Prasad Bhattarai,PAN625322405
DLNLEG9101051,C00004454,KAVREPALANCHOK MEDIA PVT. LTD.,,,9.77983E+12,KAVREPALANCHOK MEDIA PVT. LTD.,kavrepalanchokmedia562@outlook.com,kavrepalanchokmedia562@outlook.com,,KAVREPALANCHOK MEDIA PVT. LTD.,PAN871468252
DLNIND3732980,R29977110,Sakhil,Krishna,Lama,9.77981E+12,Sakhil Krishna Lama,sakhil952@gmail.com,sakhil952@gmail.com,M,Sakhil Krishna Lama,PAN683139342
DLNLEG8874285,C00004449,SURKHET AGRO CO-OP LTD.,,,9.77983E+12,SURKHET AGRO CO-OP LTD.,surkhetagroco-op938@outlook.com,surkhetagroco-op938@outlook.com,,SURKHET AGRO CO-OP LTD.,PAN406844287
DLNIND8221535,R00545118,Hena,Maya,Rai,9.77985E+12,Hena Maya Rai,hena574@gmail.com,hena574@gmail.com,F,Hena Maya Rai,PAN501986596
DLNLEG1189719,R09128392,SARLAHI PLASTIC PRODUCTS PVT. LTD.,,,9.77986E+12,SARLAHI PLASTIC PRODUCTS PVT. LTD.,sarlahiplasticproducts609@outlook.com,sarlahiplasticproducts609@outlook.com,,SARLAHI PLASTIC PRODUCTS PVT. LTD.,PAN240743444
DLNIND5461679,R01116404,Shiva,Bikram,Pandey,9.77986E+12,Shiva Bikram Pandey,shiva950@gmail.com,shiva950@gmail.com,M,Shiva Bikram Pandey,PAN499792774
DLNLEG2158354,C00082152,SINDHULI AGRO PVT. LTD.,,,9.77982E+12,SINDHULI AGRO PVT. LTD.,sindhuliagro348@outlook.com,sindhuliagro348@outlook.com,,SINDHULI AGRO PVT. LTD.,PAN281141916
DLNLEG1337370,C00058395,ROLPA CONSTRUCTIONS PVT. LTD.,,,9.77984E+12,ROLPA CONSTRUCTIONS PVT. LTD.,rolpaconstructions648@outlook.com,rolpaconstructions648@outlook.com,,ROLPA CONSTRUCTIONS PVT. LTD.,PAN324979852
DLNIND2035752,R01566002,Anushikha,Saraswati,Shrestha,9.7799E+12,Anushikha Saraswati Shrestha,anushikha296@gmail.com,anushikha296@gmail.com,F,Anushikha Saraswati Shrestha,PAN630828841
DLNIND1568693,R02169468,Srijeet,Prasad,Tamang,9.77985E+12,Srijeet Prasad Tamang,srijeet619@gmail.com,srijeet619@gmail.com,M,Srijeet Prasad Tamang,PAN651060348
DLNLEG6566454,C00004426,PARSA TRADING PVT. LTD.,,,9.77981E+12,PARSA TRADING PVT. LTD.,parsatrading914@outlook.com,parsatrading914@outlook.com,,PARSA TRADING PVT. LTD.,PAN491523472
DLNIND4269492,R00580783,sirish,,poudel,9861632577,sirish  poudel,sirish.poudel@dlytica.com,sirish.poudel@dlytica.com,M,sirish  poudel,PAN861110758
DLNIND6686056,R01731860,Hemraj,Bibek,Karki,9.77982E+12,Hemraj Bibek Karki,hemraj119@gmail.com,hemraj119@gmail.com,M,Hemraj Bibek Karki,PAN871531890
DLNIND6852316,R01911519,Sanjita,Dev,Rai,9.77986E+12,Sanjita Dev Rai,sanjita884@gmail.com,sanjita884@gmail.com,M,Sanjita Dev Rai,PAN986235560
DLNLEG9681773,C00004457,TAMOR ELECTRONICS PVT. LTD.,,,9.77981E+12,TAMOR ELECTRONICS PVT. LTD.,tamorelectronics865@outlook.com,tamorelectronics865@outlook.com,,TAMOR ELECTRONICS PVT. LTD.,PAN600210736
DLNLEG5022872,C00036463,BIRGUNJ CHEMICALS PVT. LTD.,,,9.77989E+12,BIRGUNJ CHEMICALS PVT. LTD.,birgunjchemicals166@outlook.com,birgunjchemicals166@outlook.com,,BIRGUNJ CHEMICALS PVT. LTD.,PAN582125869
DLNIND3257367,R02275983,Aavaas,Ram,Adhikari,9.77982E+12,Aavaas Ram Adhikari,aavaas614@gmail.com,aavaas614@gmail.com,M,Aavaas Ram Adhikari,PAN727567807
DLNLEG2266684,R48318099,SAGARMATHA CLOTHING PVT. LTD.,,,9.77985E+12,SAGARMATHA CLOTHING PVT. LTD.,sagarmathaclothing663@outlook.com,sagarmathaclothing663@outlook.com,,SAGARMATHA CLOTHING PVT. LTD.,PAN940651973
DLNLEG8360275,C00004455,MANANG HYDROPOWER LTD.,,,9.77982E+12,MANANG HYDROPOWER LTD.,mananghydropower649@outlook.com,mananghydropower649@outlook.com,,MANANG HYDROPOWER LTD.,PAN862264521
DLNLEG5047780,C00012403,PHEWA AUTO PARTS PVT. LTD.,,,9.77989E+12,PHEWA AUTO PARTS PVT. LTD.,phewaautoparts243@outlook.com,phewaautoparts243@outlook.com,,PHEWA AUTO PARTS PVT. LTD.,PAN321629576
DLNIND6021714,R01786442,Sanju,Shankar,Sharma,9.77989E+12,Sanju Shankar Sharma,sanju935@gmail.com,sanju935@gmail.com,M,Sanju Shankar Sharma,PAN588289495
DLNIND4071562,R00494090,Nawal,Bhakta,Dahal,9.77989E+12,Nawal Bhakta Dahal,nawal799@gmail.com,nawal799@gmail.com,M,Nawal Bhakta Dahal,PAN588972956
DLNLEG1805667,R08272460,PATHIVARA LOGISTICS PVT. LTD.,,,9.77985E+12,PATHIVARA LOGISTICS PVT. LTD.,pathivaralogistics755@outlook.com,pathivaralogistics755@outlook.com,,PATHIVARA LOGISTICS PVT. LTD.,PAN629114031
DLNIND9898224,R15189814,Srista,Laxmi,Khadka,9.77982E+12,Srista Laxmi Khadka,srista573@gmail.com,srista573@gmail.com,F,Srista Laxmi Khadka,PAN376421978
DLNLEG8098419,R09403211,PALPA HEALTHCARE PVT. LTD.,,,9.77984E+12,PALPA HEALTHCARE PVT. LTD.,palpahealthcare102@outlook.com,palpahealthcare102@outlook.com,,PALPA HEALTHCARE PVT. LTD.,PAN954062163
DLNIND9084977,R01006372,Sanyukta,Saraswati,Bhattarai,9.77987E+12,Sanyukta Saraswati Bhattarai,sanyukta684@gmail.com,sanyukta684@gmail.com,F,Sanyukta Saraswati Bhattarai,PAN825001101
DLNLEG8507903,R24249553,TANAHUN DIGITAL PVT. LTD.,,,9.77984E+12,TANAHUN DIGITAL PVT. LTD.,tanahundigital462@outlook.com,tanahundigital462@outlook.com,,TANAHUN DIGITAL PVT. LTD.,PAN165730705
DLNLEG5063780,R42240201,SHREE KRISHNA FOUNDATION NGO,,,9.77987E+12,SHREE KRISHNA FOUNDATION NGO,shreekrishnafoundationngo395@outlook.com,shreekrishnafoundationngo395@outlook.com,,SHREE KRISHNA FOUNDATION NGO,PAN642854936
DLNLEG3756805,C00004446,KANCHANJUNGA LOGISTICS PVT. LTD.,,,9.7799E+12,KANCHANJUNGA LOGISTICS PVT. LTD.,kanchanjungalogistics925@outlook.com,kanchanjungalogistics925@outlook.com,,KANCHANJUNGA LOGISTICS PVT. LTD.,PAN668536553
DLNIND5644007,R00771966,Vawesh,Lal,Bhandari,9.77988E+12,Vawesh Lal Bhandari,vawesh479@gmail.com,vawesh479@gmail.com,M,Vawesh Lal Bhandari,PAN695591077
DLNIND1842225,R01786443,Apekshya,Devi,Thakuri,9.77982E+12,Apekshya Devi Thakuri,apekshya925@gmail.com,apekshya925@gmail.com,F,Apekshya Devi Thakuri,PAN324017723
DLNLEG3169101,R57501498,HIMALAYAN CONSULTANCY PVT. LTD.,,,9.77985E+12,HIMALAYAN CONSULTANCY PVT. LTD.,himalayanconsultancy879@outlook.com,himalayanconsultancy879@outlook.com,,HIMALAYAN CONSULTANCY PVT. LTD.,PAN944763272
DLNIND1138256,R00264434,Kalyan,Gopal,Maharjan,9.77982E+12,Kalyan Gopal Maharjan,kalyan791@gmail.com,kalyan791@gmail.com,M,Kalyan Gopal Maharjan,PAN372339539
DLNLEG9444528,C00000865,JAJARKOT DAIRY CO-OP LTD.,,,9.77982E+12,JAJARKOT DAIRY CO-OP LTD.,jajarkotdairyco-op855@outlook.com,jajarkotdairyco-op855@outlook.com,,JAJARKOT DAIRY CO-OP LTD.,PAN558406246
DLNLEG3194194,RB1499113,SUNSARI DIGITAL PVT. LTD.,,,9.77988E+12,SUNSARI DIGITAL PVT. LTD.,sunsaridigital188@outlook.com,sunsaridigital188@outlook.com,,SUNSARI DIGITAL PVT. LTD.,PAN114592430
DLNIND5013653,R01009724,Mikma,Hari,Lama,9.77985E+12,Mikma Hari Lama,mikma924@gmail.com,mikma924@gmail.com,M,Mikma Hari Lama,PAN106648673
DLNLEG5738561,R19041342,BARDIA BUILDERS PVT. LTD.,,,9.77985E+12,BARDIA BUILDERS PVT. LTD.,bardiabuilders660@outlook.com,bardiabuilders660@outlook.com,,BARDIA BUILDERS PVT. LTD.,PAN183074119
DLNIND7387806,R01901408,Roma,Kumari,Acharya,9.77988E+12,Roma Kumari Acharya,roma402@gmail.com,roma402@gmail.com,F,Roma Kumari Acharya,PAN904684013
DLNLEG9966100,C00004439,DLYTICA ACADEMY,,,9.77983E+12,DLYTICA ACADEMY,dlyticaacademy500@outlook.com,dlyticaacademy500@outlook.com,,DLYTICA ACADEMY,PAN200433423
DLNIND1242207,R01901405,Suhela,Maya,Maharjan,9.77983E+12,Suhela Maya Maharjan,suhela673@gmail.com,suhela673@gmail.com,F,Suhela Maya Maharjan,PAN173115976
DLNIND1243944,R01660876,Dorkaji,Lal,Thakuri,9.77982E+12,Dorkaji Lal Thakuri,dorkaji631@gmail.com,dorkaji631@gmail.com,M,Dorkaji Lal Thakuri,PAN416982678
DLNLEG7793973,C00004445,SYANGJA REAL ESTATE LTD.,,,9.77986E+12,SYANGJA REAL ESTATE LTD.,syangjarealestate603@outlook.com,syangjarealestate603@outlook.com,,SYANGJA REAL ESTATE LTD.,PAN758602904
DLNIND8496642,R01166828,Gambheer,Bipin,Adhikari,9.77981E+12,Gambheer Bipin Adhikari,gambheer838@gmail.com,gambheer838@gmail.com,M,Gambheer Bipin Adhikari,PAN593892274
DLNIND8726228,R00816195,Suk,Bishal,Sharma,9.7799E+12,Suk Bishal Sharma,suk997@gmail.com,suk997@gmail.com,M,Suk Bishal Sharma,PAN960707979
DLNLEG9864427,R04006533,SOLU HYDROPOWER PVT. LTD.,,,9.77983E+12,SOLU HYDROPOWER PVT. LTD.,soluhydropower521@outlook.com,soluhydropower521@outlook.com,,SOLU HYDROPOWER PVT. LTD.,PAN612584594
DLNIND6943934,R01007045,Kabita,,Bhattarai,9866180896,Kabita  Bhattarai,kabita.bhattarai@dlytica.com,kabita.bhattarai@dlytica.com,F,Kabita  Bhattarai,PAN733986970
DLNIND6782843,R01901391,Bhawna,Saraswati,Rana,9.77984E+12,Bhawna Saraswati Rana,bhawna223@gmail.com,bhawna223@gmail.com,F,Bhawna Saraswati Rana,PAN696296726
DLNIND8738953,R36283925,Sahil,Bahadur,Yadav,9.77987E+12,Sahil Bahadur Yadav,sahil687@gmail.com,sahil687@gmail.com,M,Sahil Bahadur Yadav,PAN401676066
DLNIND4263447,R09396490,sandal,,Tandukar,9861396794,sandal  Tandukar,sandil.tandukar@dlytica.com,sandil.tandukar@dlytica.com,M,sandal  Tandukar,PAN602858021
DLNIND9611726,R00960980,Dipika,Saraswati,Adhikari,9.77981E+12,Dipika Saraswati Adhikari,dipika756@gmail.com,dipika756@gmail.com,F,Dipika Saraswati Adhikari,PAN153589712
DLNLEG5604950,R22133473,JUMLA FOOD PRODUCTS PVT. LTD.,,,9.77986E+12,JUMLA FOOD PRODUCTS PVT. LTD.,jumlafoodproducts402@outlook.com,jumlafoodproducts402@outlook.com,,JUMLA FOOD PRODUCTS PVT. LTD.,PAN795534455
DLNLEG3348092,R39227100,ANNAPURNA HOTELS LTD.,,,9.77986E+12,ANNAPURNA HOTELS LTD.,annapurnahotels223@outlook.com,annapurnahotels223@outlook.com,,ANNAPURNA HOTELS LTD.,PAN536374133
DLNLEG7366525,R52273477,BARDIYA SECURITY PVT. LTD.,,,9.77985E+12,BARDIYA SECURITY PVT. LTD.,bardiyasecurity305@outlook.com,bardiyasecurity305@outlook.com,,BARDIYA SECURITY PVT. LTD.,PAN549095519
DLNLEG3286748,R02103112,MYAGDI ENTERPRISES LTD.,,,9.77982E+12,MYAGDI ENTERPRISES LTD.,myagdienterprises905@outlook.com,myagdienterprises905@outlook.com,,MYAGDI ENTERPRISES LTD.,PAN903432729
DLNLEG2990042,C00004460,SARLAHI ENGINEERING PVT. LTD.,,,9.77983E+12,SARLAHI ENGINEERING PVT. LTD.,sarlahiengineering869@outlook.com,sarlahiengineering869@outlook.com,,SARLAHI ENGINEERING PVT. LTD.,PAN608705773
DLNLEG8246037,C00004452,DLYTICA HOSPITAL PVT. LTD.,,,9.77988E+12,DLYTICA HOSPITAL PVT. LTD.,dlyticahospital731@outlook.com,dlyticahospital731@outlook.com,,DLYTICA HOSPITAL PVT. LTD.,PAN888268690
DLNLEG9749078,C00004456,NEPAL HERITAGE TOURS PVT. LTD.,,,9.77987E+12,NEPAL HERITAGE TOURS PVT. LTD.,nepalheritagetours236@outlook.com,nepalheritagetours236@outlook.com,,NEPAL HERITAGE TOURS PVT. LTD.,PAN269568742
DLNLEG6450861,J00518347,MUSTANG CARPENTRY PVT. LTD.,,,9.77988E+12,MUSTANG CARPENTRY PVT. LTD.,mustangcarpentry759@outlook.com,mustangcarpentry759@outlook.com,,MUSTANG CARPENTRY PVT. LTD.,PAN747791463
DLNIND8257521,R01131729,Juna,Saraswati,Neupane,9.77982E+12,Juna Saraswati Neupane,juna803@gmail.com,juna803@gmail.com,F,Juna Saraswati Neupane,PAN873721196
DLNIND6665024,R47430440,Smeeta,Devi,Lama,9.77989E+12,Smeeta Devi Lama,smeeta447@gmail.com,smeeta447@gmail.com,F,Smeeta Devi Lama,PAN646056144
DLNLEG9678391,R22132679,MANANG HOSPITALITY PVT. LTD.,,,9.77989E+12,MANANG HOSPITALITY PVT. LTD.,mananghospitality262@outlook.com,mananghospitality262@outlook.com,,MANANG HOSPITALITY PVT. LTD.,PAN432548863
DLNLEG4016980,C00004453,PALPA PHARMACEUTICALS PVT. LTD.,,,9.77987E+12,PALPA PHARMACEUTICALS PVT. LTD.,palpapharmaceuticals564@outlook.com,palpapharmaceuticals564@outlook.com,,PALPA PHARMACEUTICALS PVT. LTD.,PAN608753570
DLNIND8690282,R00625845,Ronika,Devi,Rai,9.77985E+12,Ronika Devi Rai,ronika219@gmail.com,ronika219@gmail.com,F,Ronika Devi Rai,PAN234402002
DLNLEG9334212,R32157797,LUMBINI TRAVELS PVT. LTD.,,,9.77986E+12,LUMBINI TRAVELS PVT. LTD.,lumbinitravels925@outlook.com,lumbinitravels925@outlook.com,,LUMBINI TRAVELS PVT. LTD.,PAN353089449
DLNIND3694466,R30102616,Neeti,Saraswati,Limbu,9.77988E+12,Neeti Saraswati Limbu,neeti318@gmail.com,neeti318@gmail.com,F,Neeti Saraswati Limbu,PAN996196919
DLNLEG7265178,800520784,SINDHUPALCHOWK MEDIA PVT. LTD.,,,9.77985E+12,SINDHUPALCHOWK MEDIA PVT. LTD.,sindhupalchowkmedia799@outlook.com,sindhupalchowkmedia799@outlook.com,,SINDHUPALCHOWK MEDIA PVT. LTD.,PAN188513875
